_Id,_CreationDate,_PostId,_RelatedPostId,_LinkTypeId
34,2016-01-12T22:48:05.727,8,21,1
1893,2017-09-10T11:54:01.067,18,76,1
3469,2018-07-31T20:26:44.930,30,196,1
3467,2018-07-31T15:10:11.457,30,264,1
148,2016-01-21T16:49:47.500,69,67,1
3302,2018-07-13T21:18:03.840,76,291,1
217,2016-01-31T18:17:49.480,88,77,3
7144,2020-04-17T09:39:20.067,97,314,1
9620,2022-07-26T16:26:39.007,97,314,3
266,2016-02-09T16:42:12.670,100,2,1
267,2016-02-09T16:42:12.670,100,69,1
448,2016-03-18T06:14:27.237,111,6,1
539,2016-04-11T23:59:30.447,118,76,1
561,2016-04-26T18:52:27.913,129,8,1
588,2016-05-03T16:59:38.577,134,111,1
599,2016-05-03T18:23:43.340,134,138,1
600,2016-05-03T18:29:20.077,138,123,1
612,2016-05-03T21:52:38.510,141,138,1
659,2016-05-10T06:44:05.307,150,151,1
648,2016-05-10T06:41:09.247,151,150,1
2980,2018-06-06T14:34:04.817,151,270,1
852,2016-06-12T20:24:20.770,164,67,1
853,2016-06-12T20:33:21.267,165,164,1
898,2016-07-03T21:31:00.933,174,76,1
899,2016-07-04T13:42:07.690,176,30,1
923,2016-07-07T20:54:09.683,179,159,1
1070,2016-08-13T09:57:08.207,182,147,1
1232,2016-11-27T14:45:32.983,192,115,1
5657,2019-12-01T14:29:33.030,196,30,1
1278,2016-12-05T16:02:05.513,196,197,1
5658,2019-12-01T14:29:33.030,196,264,1
1297,2016-12-14T17:37:05.027,197,76,1
1267,2016-12-05T15:57:02.123,197,196,1
1337,2017-01-03T23:31:11.303,208,189,1
4211,2018-11-16T09:24:59.497,213,303,1
1701,2017-06-06T16:14:48.543,226,230,1
4975,2019-06-06T21:54:28.487,226,410,3
1704,2017-06-07T08:47:04.063,230,224,1
1690,2017-06-06T16:14:10.127,230,226,1
4976,2019-06-06T21:54:58.417,230,410,3
1811,2017-07-31T20:05:59.470,244,213,1
1810,2017-07-31T20:05:59.470,244,241,1
3132,2018-06-14T23:27:09.953,244,276,1
2943,2018-05-24T14:59:31.023,259,135,1
3105,2018-06-13T13:53:57.307,260,276,1
2997,2018-06-07T06:35:44.700,264,174,1
2956,2018-05-25T08:18:05.460,264,197,1
2978,2018-06-06T14:25:47.903,266,151,1
2979,2018-06-06T14:32:50.050,270,151,1
3062,2018-06-13T12:15:56.867,276,5,1
3056,2018-06-13T12:15:56.867,276,6,1
3084,2018-06-13T12:15:56.867,276,8,1
3069,2018-06-13T12:15:56.867,276,21,1
3085,2018-06-13T12:15:56.867,276,32,1
8122,2021-01-17T09:47:43.173,276,67,1
3072,2018-06-13T12:15:56.867,276,69,1
3059,2018-06-13T12:15:56.867,276,74,1
3063,2018-06-13T12:15:56.867,276,77,1
3086,2018-06-13T12:15:56.867,276,80,1
3075,2018-06-13T12:15:56.867,276,83,1
3067,2018-06-13T12:15:56.867,276,101,1
3061,2018-06-13T12:15:56.867,276,103,1
3082,2018-06-13T12:15:56.867,276,123,1
3076,2018-06-13T12:15:56.867,276,129,1
3121,2018-06-14T17:40:56.130,276,134,1
3057,2018-06-13T12:15:56.867,276,138,1
3077,2018-06-13T12:15:56.867,276,141,1
3083,2018-06-13T12:15:56.867,276,145,1
3070,2018-06-13T12:15:56.867,276,147,1
3064,2018-06-13T12:15:56.867,276,159,1
3088,2018-06-13T12:15:56.867,276,164,1
3078,2018-06-13T12:15:56.867,276,165,1
3054,2018-06-13T12:15:56.867,276,172,1
3055,2018-06-13T12:15:56.867,276,177,1
3065,2018-06-13T12:15:56.867,276,179,1
3081,2018-06-13T12:15:56.867,276,180,1
3073,2018-06-13T12:15:56.867,276,182,1
3157,2018-06-22T14:49:55.320,276,185,1
3068,2018-06-13T12:15:56.867,276,204,1
3074,2018-06-13T12:15:56.867,276,210,1
3079,2018-06-13T12:15:56.867,276,212,1
3071,2018-06-13T12:15:56.867,276,217,1
3060,2018-06-13T12:15:56.867,276,219,1
3058,2018-06-13T12:15:56.867,276,239,1
3087,2018-06-13T12:15:56.867,276,246,1
3066,2018-06-13T12:15:56.867,276,252,1
3080,2018-06-13T12:15:56.867,276,260,1
3122,2018-06-14T17:40:56.130,276,278,1
3160,2018-06-22T14:54:10.723,276,281,1
4538,2019-02-06T07:20:05.270,276,389,1
4890,2019-05-28T23:07:26.557,276,404,1
5028,2019-06-16T09:05:49.723,276,412,1
5027,2019-06-16T09:05:49.723,276,413,1
8123,2021-01-17T10:28:19.777,276,501,1
3130,2018-06-14T23:01:16.127,278,236,1
3110,2018-06-14T17:39:58.017,278,276,1
3156,2018-06-22T13:12:34.553,281,276,1
3240,2018-07-06T20:17:04.470,291,76,1
3274,2018-07-10T07:52:01.187,293,179,1
3785,2018-09-05T11:55:20.017,303,340,1
3444,2018-07-30T12:06:42.377,307,49,1
3797,2018-09-06T10:46:05.193,314,341,1
3619,2018-08-15T17:06:21.983,317,264,1
3660,2018-08-24T16:39:04.080,324,134,1
3661,2018-08-24T16:39:04.080,324,276,1
3662,2018-08-24T16:39:04.080,324,307,1
3699,2018-09-03T21:49:01.497,329,168,1
3718,2018-09-03T22:47:48.110,332,59,1
3717,2018-09-03T22:47:48.110,332,168,1
3745,2018-09-04T12:59:51.933,337,111,1
3771,2018-09-04T15:10:51.590,337,303,1
3744,2018-09-04T12:59:51.933,337,324,1
3774,2018-09-05T11:33:26.633,340,111,1
3786,2018-09-06T10:39:30.503,341,314,1
3976,2018-10-09T17:21:46.463,346,59,1
3990,2018-10-15T06:36:59.120,349,138,1
4011,2018-10-15T07:58:06.247,349,147,1
4013,2018-10-15T09:10:34.843,349,264,1
4012,2018-10-15T09:10:34.843,349,276,1
4022,2018-10-19T11:19:51.510,354,145,1
4064,2018-10-22T13:06:37.520,357,276,1
4065,2018-10-22T13:06:37.520,357,293,1
4539,2019-02-06T07:20:31.353,389,276,1
4721,2019-04-25T09:21:49.293,395,303,1
4877,2019-05-28T15:44:00.910,404,67,1
4889,2019-05-28T23:01:18.603,404,276,1
4878,2019-05-28T15:44:00.910,404,349,1
4985,2019-06-07T20:09:21.940,412,276,1
5029,2019-06-16T09:12:44.060,412,413,1
4998,2019-06-08T18:22:26.343,413,276,1
5411,2019-09-02T09:12:08.490,430,439,1
5412,2019-09-03T06:05:07.430,439,297,1
5410,2019-09-02T06:16:48.953,439,430,1
5551,2019-10-25T20:26:28.990,443,21,1
5552,2019-10-25T20:26:28.990,443,276,1
5553,2019-10-25T20:26:28.990,443,413,1
5609,2019-11-20T13:13:48.457,449,276,1
5672,2019-12-08T10:24:03.447,453,430,1
5681,2019-12-08T10:31:32.327,453,439,1
5757,2020-01-01T17:02:00.297,465,378,1
7151,2020-04-19T05:47:54.840,483,196,1
7973,2020-09-13T21:51:04.167,494,303,1
8078,2021-01-04T10:02:45.933,500,297,1
8107,2021-01-16T15:38:49.223,501,204,1
8121,2021-01-17T05:29:36.563,501,276,1
8185,2021-02-02T08:39:04.457,501,449,1
8144,2021-01-17T19:01:18.307,504,276,1
8145,2021-01-19T19:42:38.260,508,465,1
8176,2021-02-02T03:12:05.947,512,28,1
8175,2021-02-02T03:12:05.947,512,83,1
8186,2021-02-02T09:54:25.637,512,196,1
8664,2021-02-21T09:29:40.710,514,303,1
8843,2021-05-25T05:57:34.063,519,264,1
9257,2021-10-29T12:24:59.690,524,18,1
9270,2021-11-22T18:30:10.087,534,196,1
9269,2021-11-22T18:30:10.087,534,264,1
9343,2022-01-12T17:01:44.093,536,508,1
9442,2022-05-08T19:12:53.590,537,314,1
10348,2023-01-26T17:10:26.467,561,536,1
10403,2023-04-07T20:06:24.990,562,255,1
10792,2023-11-01T14:19:49.763,577,264,1
10789,2023-11-01T13:53:41.057,577,276,1
10790,2023-11-01T13:53:41.057,577,413,1
10779,2023-11-01T09:54:26.140,577,428,1
10791,2023-11-01T13:53:41.057,577,504,1
10793,2023-11-01T14:19:49.763,577,534,1
10896,2023-11-24T19:18:38.263,582,30,1
10892,2023-11-23T16:39:25.347,582,74,1
10889,2023-11-23T16:21:50.507,582,76,1
10898,2023-11-24T19:18:38.263,582,176,1
10897,2023-11-24T19:18:38.263,582,196,1
10884,2023-11-22T19:21:34.553,582,264,1
10890,2023-11-23T16:21:50.507,582,291,1
10914,2023-11-28T16:21:45.510,582,307,1
10891,2023-11-23T16:39:25.347,582,384,1
10895,2023-11-24T19:18:38.263,582,511,1
10888,2023-11-23T15:56:25.373,582,556,1
10910,2023-11-27T19:07:37.757,585,116,1
10911,2023-11-27T21:15:19.550,585,297,1
10907,2023-11-27T16:12:58.447,585,500,1
10909,2023-11-27T19:07:37.757,585,565,1
10908,2023-11-27T16:17:42.300,585,582,1
11060,2024-01-24T20:55:46.237,593,561,1
11092,2024-02-12T16:16:22.763,595,430,1
11089,2024-02-11T02:41:32.027,596,571,1
11112,2024-02-21T14:47:17.027,602,180,1
