"_PostId","_CreationDate","_LinkTypeId","_RelatedPostId","_Id"
"8","2016-01-12T22:48:05.727","1","21","34"
"69","2016-01-21T16:49:47.500","1","67","148"
"88","2016-01-31T18:17:49.480","3","77","217"
"100","2016-02-09T16:42:12.670","1","2","266"
"100","2016-02-09T16:42:12.670","1","69","267"
"111","2016-03-18T06:14:27.237","1","6","448"
"118","2016-04-11T23:59:30.447","1","76","539"
"129","2016-04-26T18:52:27.913","1","8","561"
"134","2016-05-03T16:59:38.577","1","111","588"
"134","2016-05-03T18:23:43.340","1","138","599"
"138","2016-05-03T18:29:20.077","1","123","600"
"141","2016-05-03T21:52:38.510","1","138","612"
"151","2016-05-10T06:41:09.247","1","150","648"
"150","2016-05-10T06:44:05.307","1","151","659"
"164","2016-06-12T20:24:20.770","1","67","852"
"165","2016-06-12T20:33:21.267","1","164","853"
"174","2016-07-03T21:31:00.933","1","76","898"
"176","2016-07-04T13:42:07.690","1","30","899"
"179","2016-07-07T20:54:09.683","1","159","923"
"182","2016-08-13T09:57:08.207","1","147","1070"
"192","2016-11-27T14:45:32.983","1","115","1232"
"197","2016-12-05T15:57:02.123","1","196","1267"
"196","2016-12-05T16:02:05.513","1","197","1278"
"197","2016-12-14T17:37:05.027","1","76","1297"
"208","2017-01-03T23:31:11.303","1","189","1337"
"230","2017-06-06T16:14:10.127","1","226","1690"
"226","2017-06-06T16:14:48.543","1","230","1701"
"230","2017-06-07T08:47:04.063","1","224","1704"
"244","2017-07-31T20:05:59.470","1","241","1810"
"244","2017-07-31T20:05:59.470","1","213","1811"
"18","2017-09-10T11:54:01.067","1","76","1893"
"259","2018-05-24T14:59:31.023","1","135","2943"
"264","2018-05-25T08:18:05.460","1","197","2956"
"266","2018-06-06T14:25:47.903","1","151","2978"
"270","2018-06-06T14:32:50.050","1","151","2979"
"151","2018-06-06T14:34:04.817","1","270","2980"
"264","2018-06-07T06:35:44.700","1","174","2997"
"276","2018-06-13T12:15:56.867","1","172","3054"
"276","2018-06-13T12:15:56.867","1","177","3055"
"276","2018-06-13T12:15:56.867","1","6","3056"
"276","2018-06-13T12:15:56.867","1","138","3057"
"276","2018-06-13T12:15:56.867","1","239","3058"
"276","2018-06-13T12:15:56.867","1","74","3059"
"276","2018-06-13T12:15:56.867","1","219","3060"
"276","2018-06-13T12:15:56.867","1","103","3061"
"276","2018-06-13T12:15:56.867","1","5","3062"
"276","2018-06-13T12:15:56.867","1","77","3063"
"276","2018-06-13T12:15:56.867","1","159","3064"
"276","2018-06-13T12:15:56.867","1","179","3065"
"276","2018-06-13T12:15:56.867","1","252","3066"
"276","2018-06-13T12:15:56.867","1","101","3067"
"276","2018-06-13T12:15:56.867","1","204","3068"
"276","2018-06-13T12:15:56.867","1","21","3069"
"276","2018-06-13T12:15:56.867","1","147","3070"
"276","2018-06-13T12:15:56.867","1","217","3071"
"276","2018-06-13T12:15:56.867","1","69","3072"
"276","2018-06-13T12:15:56.867","1","182","3073"
"276","2018-06-13T12:15:56.867","1","210","3074"
"276","2018-06-13T12:15:56.867","1","83","3075"
"276","2018-06-13T12:15:56.867","1","129","3076"
"276","2018-06-13T12:15:56.867","1","141","3077"
"276","2018-06-13T12:15:56.867","1","165","3078"
"276","2018-06-13T12:15:56.867","1","212","3079"
"276","2018-06-13T12:15:56.867","1","260","3080"
"276","2018-06-13T12:15:56.867","1","180","3081"
"276","2018-06-13T12:15:56.867","1","123","3082"
"276","2018-06-13T12:15:56.867","1","145","3083"
"276","2018-06-13T12:15:56.867","1","8","3084"
"276","2018-06-13T12:15:56.867","1","32","3085"
"276","2018-06-13T12:15:56.867","1","80","3086"
"276","2018-06-13T12:15:56.867","1","246","3087"
"276","2018-06-13T12:15:56.867","1","164","3088"
"260","2018-06-13T13:53:57.307","1","276","3105"
"278","2018-06-14T17:39:58.017","1","276","3110"
"276","2018-06-14T17:40:56.130","1","134","3121"
"276","2018-06-14T17:40:56.130","1","278","3122"
"278","2018-06-14T23:01:16.127","1","236","3130"
"244","2018-06-14T23:27:09.953","1","276","3132"
"281","2018-06-22T13:12:34.553","1","276","3156"
"276","2018-06-22T14:49:55.320","1","185","3157"
"276","2018-06-22T14:54:10.723","1","281","3160"
"291","2018-07-06T20:17:04.470","1","76","3240"
"293","2018-07-10T07:52:01.187","1","179","3274"
"76","2018-07-13T21:18:03.840","1","291","3302"
"307","2018-07-30T12:06:42.377","1","49","3444"
"30","2018-07-31T15:10:11.457","1","264","3467"
"30","2018-07-31T20:26:44.930","1","196","3469"
"317","2018-08-15T17:06:21.983","1","264","3619"
"324","2018-08-24T16:39:04.080","1","134","3660"
"324","2018-08-24T16:39:04.080","1","276","3661"
"324","2018-08-24T16:39:04.080","1","307","3662"
"329","2018-09-03T21:49:01.497","1","168","3699"
"332","2018-09-03T22:47:48.110","1","168","3717"
"332","2018-09-03T22:47:48.110","1","59","3718"
"337","2018-09-04T12:59:51.933","1","324","3744"
"337","2018-09-04T12:59:51.933","1","111","3745"
"337","2018-09-04T15:10:51.590","1","303","3771"
"340","2018-09-05T11:33:26.633","1","111","3774"
"303","2018-09-05T11:55:20.017","1","340","3785"
"341","2018-09-06T10:39:30.503","1","314","3786"
"314","2018-09-06T10:46:05.193","1","341","3797"
"346","2018-10-09T17:21:46.463","1","59","3976"
"349","2018-10-15T06:36:59.120","1","138","3990"
"349","2018-10-15T07:58:06.247","1","147","4011"
"349","2018-10-15T09:10:34.843","1","276","4012"
"349","2018-10-15T09:10:34.843","1","264","4013"
"354","2018-10-19T11:19:51.510","1","145","4022"
"357","2018-10-22T13:06:37.520","1","276","4064"
"357","2018-10-22T13:06:37.520","1","293","4065"
"213","2018-11-16T09:24:59.497","1","303","4211"
"276","2019-02-06T07:20:05.270","1","389","4538"
"389","2019-02-06T07:20:31.353","1","276","4539"
"395","2019-04-25T09:21:49.293","1","303","4721"
"404","2019-05-28T15:44:00.910","1","67","4877"
"404","2019-05-28T15:44:00.910","1","349","4878"
"404","2019-05-28T23:01:18.603","1","276","4889"
"276","2019-05-28T23:07:26.557","1","404","4890"
"226","2019-06-06T21:54:28.487","3","410","4975"
"230","2019-06-06T21:54:58.417","3","410","4976"
"412","2019-06-07T20:09:21.940","1","276","4985"
"413","2019-06-08T18:22:26.343","1","276","4998"
"276","2019-06-16T09:05:49.723","1","413","5027"
"276","2019-06-16T09:05:49.723","1","412","5028"
"412","2019-06-16T09:12:44.060","1","413","5029"
"439","2019-09-02T06:16:48.953","1","430","5410"
"430","2019-09-02T09:12:08.490","1","439","5411"
"439","2019-09-03T06:05:07.430","1","297","5412"
"443","2019-10-25T20:26:28.990","1","21","5551"
"443","2019-10-25T20:26:28.990","1","276","5552"
"443","2019-10-25T20:26:28.990","1","413","5553"
"449","2019-11-20T13:13:48.457","1","276","5609"
"196","2019-12-01T14:29:33.030","1","30","5657"
"196","2019-12-01T14:29:33.030","1","264","5658"
"453","2019-12-08T10:24:03.447","1","430","5672"
"453","2019-12-08T10:31:32.327","1","439","5681"
"465","2020-01-01T17:02:00.297","1","378","5757"
"97","2020-04-17T09:39:20.067","1","314","7144"
"483","2020-04-19T05:47:54.840","1","196","7151"
"494","2020-09-13T21:51:04.167","1","303","7973"
"500","2021-01-04T10:02:45.933","1","297","8078"
"501","2021-01-16T15:38:49.223","1","204","8107"
"501","2021-01-17T05:29:36.563","1","276","8121"
"276","2021-01-17T09:47:43.173","1","67","8122"
"276","2021-01-17T10:28:19.777","1","501","8123"
"504","2021-01-17T19:01:18.307","1","276","8144"
"508","2021-01-19T19:42:38.260","1","465","8145"
"512","2021-02-02T03:12:05.947","1","83","8175"
"512","2021-02-02T03:12:05.947","1","28","8176"
"501","2021-02-02T08:39:04.457","1","449","8185"
"512","2021-02-02T09:54:25.637","1","196","8186"
"514","2021-02-21T09:29:40.710","1","303","8664"
"519","2021-05-25T05:57:34.063","1","264","8843"
"524","2021-10-29T12:24:59.690","1","18","9257"
"534","2021-11-22T18:30:10.087","1","264","9269"
"534","2021-11-22T18:30:10.087","1","196","9270"
"536","2022-01-12T17:01:44.093","1","508","9343"
"537","2022-05-08T19:12:53.590","1","314","9442"
"97","2022-07-26T16:26:39.007","3","314","9620"
"561","2023-01-26T17:10:26.467","1","536","10348"
"562","2023-04-07T20:06:24.990","1","255","10403"
"577","2023-11-01T09:54:26.140","1","428","10779"
"577","2023-11-01T13:53:41.057","1","276","10789"
"577","2023-11-01T13:53:41.057","1","413","10790"
"577","2023-11-01T13:53:41.057","1","504","10791"
"577","2023-11-01T14:19:49.763","1","264","10792"
"577","2023-11-01T14:19:49.763","1","534","10793"
"582","2023-11-22T19:21:34.553","1","264","10884"
"582","2023-11-23T15:56:25.373","1","556","10888"
"582","2023-11-23T16:21:50.507","1","76","10889"
"582","2023-11-23T16:21:50.507","1","291","10890"
"582","2023-11-23T16:39:25.347","1","384","10891"
"582","2023-11-23T16:39:25.347","1","74","10892"
"582","2023-11-24T19:18:38.263","1","511","10895"
"582","2023-11-24T19:18:38.263","1","30","10896"
"582","2023-11-24T19:18:38.263","1","196","10897"
"582","2023-11-24T19:18:38.263","1","176","10898"
"585","2023-11-27T16:12:58.447","1","500","10907"
"585","2023-11-27T16:17:42.300","1","582","10908"
"585","2023-11-27T19:07:37.757","1","565","10909"
"585","2023-11-27T19:07:37.757","1","116","10910"
"585","2023-11-27T21:15:19.550","1","297","10911"
"582","2023-11-28T16:21:45.510","1","307","10914"
"593","2024-01-24T20:55:46.237","1","561","11060"
"596","2024-02-11T02:41:32.027","1","571","11089"
"595","2024-02-12T16:16:22.763","1","430","11092"
"602","2024-02-21T14:47:17.027","1","180","11112"
